what,kind,bundleId,bundleVersion,description,time
started,bundle,org.eclipse.jdt.ui,3.6.1.r361_v20100825-0800,"org.eclipse.jdt.ui",1301746349578
started,bundle,org.eclipse.jem,2.0.400.v201005110200,"org.eclipse.jem",1301746349656
started,bundle,org.eclipse.jem.util,2.1.2.v201008120100,"org.eclipse.jem.util",1301746349671
started,bundle,org.eclipse.jem.workbench,2.0.300.v200910290230,"org.eclipse.jem.workbench",1301746349906
started,bundle,org.eclipse.jface,3.6.1.M20100825-0800,"org.eclipse.jface",1301746349968
started,bundle,org.eclipse.jsch.core,1.1.200.I20100505-1245,"org.eclipse.jsch.core",1301746349984
started,bundle,org.eclipse.jst.common.frameworks,1.1.402.v201009081300,"org.eclipse.jst.common.frameworks",1301746350046
started,bundle,org.eclipse.jst.common.project.facet.core,1.4.102.v201008182136,"org.eclipse.jst.common.project.facet.core",1301746350109
started,bundle,org.eclipse.jst.j2ee,1.1.402.v201009151730,"org.eclipse.jst.j2ee",1301746350203
started,bundle,org.eclipse.jst.j2ee.core,1.2.2.v201008120100,"org.eclipse.jst.j2ee.core",1301746350265
started,bundle,org.eclipse.jst.j2ee.navigator.ui,1.1.402.v201009081300,"org.eclipse.jst.j2ee.navigator.ui",1301746350343
started,bundle,org.eclipse.jst.j2ee.ui,1.1.402.v201009080200,"org.eclipse.jst.j2ee.ui",1301746350531
started,bundle,org.eclipse.jst.j2ee.web,1.1.402.v201008242000,"org.eclipse.jst.j2ee.web",1301746350656
started,bundle,org.eclipse.jst.j2ee.webservice,1.1.400.v201004110600,"org.eclipse.jst.j2ee.webservice",1301746351031
started,bundle,org.eclipse.jst.j2ee.webservice.ui,1.1.400.v201004110600,"org.eclipse.jst.j2ee.webservice.ui",1301746351062
started,bundle,org.eclipse.jst.jee,1.0.301.v201007151900,"org.eclipse.jst.jee",1301746351093
started,bundle,org.eclipse.jst.jee.ui,1.0.302.v201009011600,"org.eclipse.jst.jee.ui",1301746351328
started,bundle,org.eclipse.jst.server.core,1.2.101.v20100421,"org.eclipse.jst.server.core",1301746351375
started,bundle,org.eclipse.jst.server.tomcat.core,1.1.202.v20100818b,"org.eclipse.jst.server.tomcat.core",1301746351484
started,bundle,org.eclipse.jst.ws.jaxrs.core,1.0.200.v201008201800,"org.eclipse.jst.ws.jaxrs.core",1301746351656
started,bundle,org.eclipse.jst.ws.jaxws.utils,1.0.0.v201004171919,"org.eclipse.jst.ws.jaxws.utils",1301746351703
started,bundle,org.eclipse.ltk.core.refactoring,3.5.100.v20100526-0800,"org.eclipse.ltk.core.refactoring",1301746351796
started,bundle,org.eclipse.ltk.ui.refactoring,3.5.0.v20100526-0800,"org.eclipse.ltk.ui.refactoring",1301746351859
started,bundle,org.eclipse.mylyn.bugzilla.core,3.4.2.v20100902-0100-e3x,"org.eclipse.mylyn.bugzilla.core",1301746351890
started,bundle,org.eclipse.mylyn.bugzilla.ui,3.4.2.v20100909-0100-e3x,"org.eclipse.mylyn.bugzilla.ui",1301746351937
started,bundle,org.eclipse.mylyn.commons.net,3.4.1.v20100625-2100-e3x,"org.eclipse.mylyn.commons.net",1301746351937
started,bundle,org.eclipse.mylyn.commons.ui,3.4.0.v20100608-0100-e3x,"org.eclipse.mylyn.commons.ui",1301746351984
started,bundle,org.eclipse.mylyn.monitor.ui,3.4.0.v20100608-0100-e3x,"org.eclipse.mylyn.monitor.ui",1301746352000
started,bundle,org.eclipse.team.core,3.5.100.R36x_v20100825-0800,"org.eclipse.team.core",1301746352062
started,bundle,org.eclipse.team.cvs.core,3.3.300.I20100526-0800,"org.eclipse.team.cvs.core",1301746352218
started,bundle,org.eclipse.team.cvs.ui,3.3.301.R36x_v20100825-0800,"org.eclipse.team.cvs.ui",1301746352437
started,bundle,org.eclipse.team.ui,3.5.101.R36x_v20100825-0800,"org.eclipse.team.ui",1301746352593
started,bundle,org.eclipse.ui,3.6.1.M20100826-1330,"org.eclipse.ui",1301746352750
started,bundle,org.eclipse.ui.console,3.5.0.v20100526,"org.eclipse.ui.console",1301746352812
started,bundle,org.eclipse.ui.editors,3.6.1.r361_v20100825-0800,"org.eclipse.ui.editors",1301746352812
started,bundle,org.eclipse.ui.forms,3.5.2.r36_v20100702,"org.eclipse.ui.forms",1301746352906
started,bundle,org.eclipse.ui.ide,3.6.1.M20100825-0800,"org.eclipse.ui.ide",1301746353000
started,bundle,org.eclipse.ui.navigator,3.5.0.I20100601-0800,"org.eclipse.ui.navigator",1301746353125
started,bundle,org.eclipse.ui.navigator.resources,3.4.201.M20100707-0800,"org.eclipse.ui.navigator.resources",1301746353171
started,bundle,org.eclipse.ui.net,1.2.100.I20100505-1245,"org.eclipse.ui.net",1301746353312
started,bundle,org.eclipse.ui.views,3.5.0.I20100527-0800,"org.eclipse.ui.views",1301746353546
started,bundle,org.eclipse.ui.workbench,3.6.1.M20100826-1330,"org.eclipse.ui.workbench",1301746353625
started,bundle,org.eclipse.ui.workbench.texteditor,3.6.1.r361_v20100714-0800,"org.eclipse.ui.workbench.texteditor",1301746354109
started,bundle,org.eclipse.wst.common.core,1.2.0.v200908252030,"org.eclipse.wst.common.core",1301746354375
started,bundle,org.eclipse.wst.common.emf,1.2.1.v201008260500,"org.eclipse.wst.common.emf",1301746354656
started,bundle,org.eclipse.wst.common.emfworkbench.integration,1.2.2.v201008242000,"org.eclipse.wst.common.emfworkbench.integration",1301746354796
started,bundle,org.eclipse.wst.common.frameworks,1.2.0.v201003040800,"org.eclipse.wst.common.frameworks",1301746355046
started,bundle,org.eclipse.wst.common.frameworks.ui,1.2.0.v201004080500,"org.eclipse.wst.common.frameworks.ui",1301746355343
started,bundle,org.eclipse.wst.common.modulecore,1.2.3.v201008242000,"org.eclipse.wst.common.modulecore",1301746355484
started,bundle,org.eclipse.wst.common.project.facet.core,1.4.102.v201008170019,"org.eclipse.wst.common.project.facet.core",1301746355656
started,bundle,org.eclipse.wst.common.ui,1.1.500.v200911190730,"org.eclipse.wst.common.ui",1301746355921
started,bundle,org.eclipse.wst.jsdt.core,1.1.2.v201009011528,"org.eclipse.wst.jsdt.core",1301746356015
started,bundle,org.eclipse.wst.jsdt.manipulation,1.0.200.v201004150600,"org.eclipse.wst.jsdt.manipulation",1301746356234
started,bundle,org.eclipse.wst.jsdt.ui,1.1.2.v201009010353,"org.eclipse.wst.jsdt.ui",1301746356515
started,bundle,org.eclipse.wst.server.core,1.1.204.v20100908,"org.eclipse.wst.server.core",1301746356671
started,bundle,org.eclipse.wst.server.ui,1.1.205.v20100908,"org.eclipse.wst.server.ui",1301746356671
started,bundle,org.eclipse.wst.validation,1.2.200.v201005271900,"org.eclipse.wst.validation",1301746356687
started,bundle,org.eclipse.wst.web,1.1.401.v201007151900,"org.eclipse.wst.web",1301746356781
started,bundle,org.eclipse.wst.xml.core,1.1.502.v201009010342,"org.eclipse.wst.xml.core",1301746356921
os,sysinfo,,,"win32",1301746357078
arch,sysinfo,,,"x86",1301746357078
ws,sysinfo,,,"win32",1301746357078
locale,sysinfo,,,"nl_BE",1301746357078
processors,sysinfo,,,"1",1301746357078
java.runtime.name,sysinfo,,,"Java(TM) SE Runtime Environment",1301746357078
java.runtime.version,sysinfo,,,"1.6.0_24-b07",1301746357078
java.specification.name,sysinfo,,,"Java Platform API Specification",1301746357078
java.specification.vendor,sysinfo,,,"Sun Microsystems Inc.",1301746357078
java.specification.version,sysinfo,,,"1.6",1301746357078
java.vendor,sysinfo,,,"Sun Microsystems Inc.",1301746357078
java.version,sysinfo,,,"1.6.0_24",1301746357078
java.vm.info,sysinfo,,,"mixed mode",1301746357078
java.vm.name,sysinfo,,,"Java HotSpot(TM) Client VM",1301746357078
java.vm.specification.name,sysinfo,,,"Java Virtual Machine Specification",1301746357078
java.vm.specification.vendor,sysinfo,,,"Sun Microsystems Inc.",1301746357078
java.vm.specification.version,sysinfo,,,"1.0",1301746357078
java.vm.vendor,sysinfo,,,"Sun Microsystems Inc.",1301746357078
java.vm.version,sysinfo,,,"19.1-b02",1301746357078
started,bundle,org.eclipse.wst.sse.core,1.1.502.v201008311901,"org.eclipse.wst.sse.core",1301746357343
started,bundle,org.eclipse.jst.servlet.ui,1.1.402.v201008261918,"org.eclipse.jst.servlet.ui",1301746357796
started,bundle,org.eclipse.jst.jsf.common,1.2.1.v20100827,"org.eclipse.jst.jsf.common",1301746359781
started,bundle,org.eclipse.jst.jsf.core,1.3.2.v20100906,"org.eclipse.jst.jsf.core",1301746360062
started,bundle,org.eclipse.jst.jsp.core,1.2.302.v201008251735,"org.eclipse.jst.jsp.core",1301746362921
started,bundle,org.eclipse.update.configurator,3.3.100.v20100512,"org.eclipse.update.configurator",1301746366265
started,bundle,org.eclipse.update.core,3.2.402.R36x_v20100629,"org.eclipse.update.core",1301746366421
started,bundle,org.eclipse.wst.wsdl.validation,1.1.501.v201004201506,"org.eclipse.wst.wsdl.validation",1301746366671
started,bundle,org.eclipse.wst.xsd.core,1.1.502.v201008201521,"org.eclipse.wst.xsd.core",1301746366859
started,bundle,org.eclipse.wst.xsl.core,1.1.0.v201004290328,"org.eclipse.wst.xsl.core",1301746367156
activated,view,org.eclipse.ui.navigator.resources,3.4.201.M20100707-0800,"org.eclipse.ui.navigator.ProjectExplorer",1301746421296
started,bundle,org.eclipse.jst.ws.jaxws.dom.integration,1.0.0.v201004171919,"org.eclipse.jst.ws.jaxws.dom.integration",1301746421375
started,bundle,org.eclipse.jst.ws.jaxws.dom.ui,1.0.0.v201004171919,"org.eclipse.jst.ws.jaxws.dom.ui",1301746421453
started,bundle,org.eclipse.jst.j2ee.ejb,1.1.401.v201007150400,"org.eclipse.jst.j2ee.ejb",1301746421718
started,bundle,org.eclipse.jst.j2ee.jca,1.1.400.v201005270700,"org.eclipse.jst.j2ee.jca",1301746421765
started,bundle,org.eclipse.jst.jee.ejb,1.0.301.v201007070821,"org.eclipse.jst.jee.ejb",1301746421812
started,bundle,org.eclipse.jst.jee.web,1.0.301.v201007070907,"org.eclipse.jst.jee.web",1301746421828
activated,editor,org.eclipse.jdt.ui,3.6.1.r361_v20100825-0800,"org.eclipse.jdt.ui.CompilationUnitEditor",1301746434312
activated,view,org.eclipse.ui.navigator.resources,3.4.201.M20100707-0800,"org.eclipse.ui.navigator.ProjectExplorer",1301746434453
closed,editor,org.eclipse.jdt.ui,3.6.1.r361_v20100825-0800,"org.eclipse.jdt.ui.CompilationUnitEditor",1301746434468
opened,editor,org.eclipse.jdt.ui,3.6.1.r361_v20100825-0800,"org.eclipse.jdt.ui.CompilationUnitEditor",1301746436625
activated,editor,org.eclipse.jdt.ui,3.6.1.r361_v20100825-0800,"org.eclipse.jdt.ui.CompilationUnitEditor",1301746437515
started,bundle,org.eclipse.jdt.junit,3.6.1.r361_v20100825-0800,"org.eclipse.jdt.junit",1301746438359
activated,view,org.eclipse.ui.navigator.resources,3.4.201.M20100707-0800,"org.eclipse.ui.navigator.ProjectExplorer",1301746499625
opened,editor,org.eclipse.jdt.ui,3.6.1.r361_v20100825-0800,"org.eclipse.jdt.ui.CompilationUnitEditor",1301746524187
activated,editor,org.eclipse.jdt.ui,3.6.1.r361_v20100825-0800,"org.eclipse.jdt.ui.CompilationUnitEditor",1301746524343
activated,view,org.eclipse.ui.navigator.resources,3.4.201.M20100707-0800,"org.eclipse.ui.navigator.ProjectExplorer",1301746542765
started,bundle,org.eclipse.compare,3.5.100.I20100526-0800,"org.eclipse.compare",1301746545453
activated,editor,org.eclipse.jdt.ui,3.6.1.r361_v20100825-0800,"org.eclipse.jdt.ui.CompilationUnitEditor",1301746550781
activated,editor,org.eclipse.jdt.ui,3.6.1.r361_v20100825-0800,"org.eclipse.jdt.ui.CompilationUnitEditor",1301746556406
activated,view,org.eclipse.ui.navigator.resources,3.4.201.M20100707-0800,"org.eclipse.ui.navigator.ProjectExplorer",1301746560031
opened,editor,org.eclipse.jdt.ui,3.6.1.r361_v20100825-0800,"org.eclipse.jdt.ui.CompilationUnitEditor",1301746560281
activated,editor,org.eclipse.jdt.ui,3.6.1.r361_v20100825-0800,"org.eclipse.jdt.ui.CompilationUnitEditor",1301746560359
started,bundle,org.eclipse.debug.ui,3.6.1.v20100901_r361,"org.eclipse.debug.ui",1301746563984
started,bundle,org.eclipse.jdt.debug,3.6.1.v20100715_r361,"org.eclipse.jdt.debug",1301746565484
started,bundle,org.eclipse.jdt.debug.ui,3.5.0.v20100602-0830,"org.eclipse.jdt.debug.ui",1301746565765
deactivated,workbench,org.eclipse.ui.workbench,3.6.1.M20100826-1330,"",1301746567093
activated,workbench,org.eclipse.ui.workbench,3.6.1.M20100826-1330,"",1301746567203
opened,view,org.eclipse.ui.console,3.5.0.v20100526,"org.eclipse.ui.console.ConsoleView",1301746570484
activated,view,org.eclipse.ui.console,3.5.0.v20100526,"org.eclipse.ui.console.ConsoleView",1301746579031
activated,editor,org.eclipse.jdt.ui,3.6.1.r361_v20100825-0800,"org.eclipse.jdt.ui.CompilationUnitEditor",1301746593937
activated,editor,org.eclipse.jdt.ui,3.6.1.r361_v20100825-0800,"org.eclipse.jdt.ui.CompilationUnitEditor",1301746596953
activated,editor,org.eclipse.jdt.ui,3.6.1.r361_v20100825-0800,"org.eclipse.jdt.ui.CompilationUnitEditor",1301746598671
started,bundle,org.eclipse.pde.launching,3.6.0.v20100601,"org.eclipse.pde.launching",1301746606203
started,bundle,org.eclipse.ui.views.log,1.0.100.v20100423,"org.eclipse.ui.views.log",1301746606218
started,bundle,org.eclipse.pde.ui,3.6.1.v20100810_r361,"org.eclipse.pde.ui",1301746606250
started,bundle,org.eclipse.mylyn.ide.ui,3.4.0.v20100608-0100-e3x,"org.eclipse.mylyn.ide.ui",1301746618562
started,bundle,org.eclipse.jst.ws.jaxws.ui,1.0.1.v201008232129,"org.eclipse.jst.ws.jaxws.ui",1301746618656
started,bundle,org.eclipse.mylyn.java.ui,3.4.0.v20100608-0100-e3x,"org.eclipse.mylyn.java.ui",1301746618703
started,bundle,org.eclipse.pde.api.tools,1.0.202.v20100820_r361,"org.eclipse.pde.api.tools",1301746619015
started,bundle,org.eclipse.pde.api.tools.ui,1.0.201.v20100820_r361,"org.eclipse.pde.api.tools.ui",1301746619015
executed,command,org.eclipse.ui,3.6.1.M20100826-1330,"org.eclipse.ui.edit.text.contentAssist.proposals",1301746622250
executed,command,org.eclipse.ui,3.6.1.M20100826-1330,"org.eclipse.ui.edit.text.contentAssist.proposals",1301746642468
deactivated,workbench,org.eclipse.ui.workbench,3.6.1.M20100826-1330,"",1301746644375
activated,workbench,org.eclipse.ui.workbench,3.6.1.M20100826-1330,"",1301746694109
executed,command,org.eclipse.ui,3.6.1.M20100826-1330,"org.eclipse.ui.file.save",1301746699796
activated,editor,org.eclipse.jdt.ui,3.6.1.r361_v20100825-0800,"org.eclipse.jdt.ui.CompilationUnitEditor",1301746703343
closed,editor,org.eclipse.jdt.ui,3.6.1.r361_v20100825-0800,"org.eclipse.jdt.ui.CompilationUnitEditor",1301746703343
activated,editor,org.eclipse.jdt.ui,3.6.1.r361_v20100825-0800,"org.eclipse.jdt.ui.CompilationUnitEditor",1301746705609
closed,editor,org.eclipse.jdt.ui,3.6.1.r361_v20100825-0800,"org.eclipse.jdt.ui.CompilationUnitEditor",1301746705609
deactivated,workbench,org.eclipse.ui.workbench,3.6.1.M20100826-1330,"",1301746840468
activated,workbench,org.eclipse.ui.workbench,3.6.1.M20100826-1330,"",1301746865656
started,bundle,org.eclipse.mylyn.java.tasks,3.4.0.v20100608-0100-e3x,"org.eclipse.mylyn.java.tasks",1301746921968
executed,command,org.eclipse.ui,3.6.1.M20100826-1330,"org.eclipse.ui.edit.copy",1301746922093
executed,command,org.eclipse.ui,3.6.1.M20100826-1330,"org.eclipse.ui.edit.paste",1301746923015
deactivated,workbench,org.eclipse.ui.workbench,3.6.1.M20100826-1330,"",1301746925750
activated,workbench,org.eclipse.ui.workbench,3.6.1.M20100826-1330,"",1301746942625
executed,command,org.eclipse.ui,3.6.1.M20100826-1330,"org.eclipse.ui.file.save",1301746953328
activated,view,org.eclipse.ui.navigator.resources,3.4.201.M20100707-0800,"org.eclipse.ui.navigator.ProjectExplorer",1301746964781
started,bundle,org.eclipse.mylyn.resources.ui,3.4.1.v20100909-0100-e3x,"org.eclipse.mylyn.resources.ui",1301746967843
deactivated,workbench,org.eclipse.ui.workbench,3.6.1.M20100826-1330,"",1301746973765
started,bundle,org.eclipse.wst.xml.ui,1.1.102.v201008251905,"org.eclipse.wst.xml.ui",1301746986765
started,bundle,org.eclipse.wst.common.uriresolver,1.1.401.v201004280700,"org.eclipse.wst.common.uriresolver",1301746988578
started,bundle,org.eclipse.jst.jsp.ui,1.1.501.v201008232032,"org.eclipse.jst.jsp.ui",1301746989953
started,bundle,org.eclipse.wst.dtd.ui,1.0.500.v201004290328,"org.eclipse.wst.dtd.ui",1301746990031
activated,workbench,org.eclipse.ui.workbench,3.6.1.M20100826-1330,"",1301747012968
executed,command,org.eclipse.ui,3.6.1.M20100826-1330,"org.eclipse.ui.newWizard",1301747013015
activated,editor,org.eclipse.jdt.ui,3.6.1.r361_v20100825-0800,"org.eclipse.jdt.ui.CompilationUnitEditor",1301747013890
activated,view,org.eclipse.ui.navigator.resources,3.4.201.M20100707-0800,"org.eclipse.ui.navigator.ProjectExplorer",1301747024937
deactivated,workbench,org.eclipse.ui.workbench,3.6.1.M20100826-1330,"",1301747027640
started,bundle,org.eclipse.wst.xsl.ui,1.1.1.v201009091745,"org.eclipse.wst.xsl.ui",1301747042468
opened,editor,org.eclipse.wst.xml.ui,1.1.102.v201008251905,"org.eclipse.wst.xml.ui.internal.tabletree.XMLMultiPageEditorPart",1301747042640
activated,editor,org.eclipse.wst.xml.ui,1.1.102.v201008251905,"org.eclipse.wst.xml.ui.internal.tabletree.XMLMultiPageEditorPart",1301747042828
activated,workbench,org.eclipse.ui.workbench,3.6.1.M20100826-1330,"",1301747042906
executed,command,org.eclipse.ui,3.6.1.M20100826-1330,"org.eclipse.ui.newWizard",1301747043031
activated,editor,org.eclipse.jdt.ui,3.6.1.r361_v20100825-0800,"org.eclipse.jdt.ui.CompilationUnitEditor",1301747049968
closed,editor,org.eclipse.wst.xml.ui,1.1.102.v201008251905,"org.eclipse.wst.xml.ui.internal.tabletree.XMLMultiPageEditorPart",1301747049968
executed,command,org.eclipse.ui,3.6.1.M20100826-1330,"org.eclipse.ui.file.save",1301747051640
activated,view,org.eclipse.ui.navigator.resources,3.4.201.M20100707-0800,"org.eclipse.ui.navigator.ProjectExplorer",1301747052796
opened,editor,org.eclipse.wst.xml.ui,1.1.102.v201008251905,"org.eclipse.wst.xml.ui.internal.tabletree.XMLMultiPageEditorPart",1301747053015
activated,editor,org.eclipse.wst.xml.ui,1.1.102.v201008251905,"org.eclipse.wst.xml.ui.internal.tabletree.XMLMultiPageEditorPart",1301747053078
activated,editor,org.eclipse.jdt.ui,3.6.1.r361_v20100825-0800,"org.eclipse.jdt.ui.CompilationUnitEditor",1301747054531
closed,editor,org.eclipse.wst.xml.ui,1.1.102.v201008251905,"org.eclipse.wst.xml.ui.internal.tabletree.XMLMultiPageEditorPart",1301747054531
activated,view,org.eclipse.ui.navigator.resources,3.4.201.M20100707-0800,"org.eclipse.ui.navigator.ProjectExplorer",1301747055171
started,bundle,org.eclipse.pde.core,3.6.1.v20100902_r361,"org.eclipse.pde.core",1301747055812
opened,editor,org.eclipse.ui.editors,3.6.1.r361_v20100825-0800,"org.eclipse.ui.DefaultTextEditor",1301747060187
activated,editor,org.eclipse.ui.editors,3.6.1.r361_v20100825-0800,"org.eclipse.ui.DefaultTextEditor",1301747060468
executed,command,org.eclipse.ui,3.6.1.M20100826-1330,"org.eclipse.ui.edit.copy",1301747072203
executed,command,org.eclipse.ui,3.6.1.M20100826-1330,"org.eclipse.ui.edit.paste",1301747073171
activated,view,org.eclipse.ui.navigator.resources,3.4.201.M20100707-0800,"org.eclipse.ui.navigator.ProjectExplorer",1301747076250
opened,editor,org.eclipse.jdt.ui,3.6.1.r361_v20100825-0800,"org.eclipse.jdt.ui.CompilationUnitEditor",1301747076609
activated,editor,org.eclipse.jdt.ui,3.6.1.r361_v20100825-0800,"org.eclipse.jdt.ui.CompilationUnitEditor",1301747076781
executed,command,org.eclipse.ui,3.6.1.M20100826-1330,"org.eclipse.ui.file.save",1301747098703
activated,editor,org.eclipse.ui.editors,3.6.1.r361_v20100825-0800,"org.eclipse.ui.DefaultTextEditor",1301747099500
executed,command,org.eclipse.ui,3.6.1.M20100826-1330,"org.eclipse.ui.edit.cut",1301747133109
executed,command,org.eclipse.ui,3.6.1.M20100826-1330,"org.eclipse.ui.edit.paste",1301747134171
executed,command,org.eclipse.ui,3.6.1.M20100826-1330,"org.eclipse.ui.file.save",1301747138031
executed,command,org.eclipse.ui.workbench.texteditor,3.6.1.r361_v20100714-0800,"org.eclipse.ui.edit.text.gotoLastEditPosition",1301747138031
activated,editor,org.eclipse.jdt.ui,3.6.1.r361_v20100825-0800,"org.eclipse.jdt.ui.CompilationUnitEditor",1301747145265
activated,editor,org.eclipse.jdt.ui,3.6.1.r361_v20100825-0800,"org.eclipse.jdt.ui.CompilationUnitEditor",1301747149046
activated,view,org.eclipse.ui.navigator.resources,3.4.201.M20100707-0800,"org.eclipse.ui.navigator.ProjectExplorer",1301747158265
opened,editor,org.eclipse.jdt.ui,3.6.1.r361_v20100825-0800,"org.eclipse.jdt.ui.CompilationUnitEditor",1301747158562
activated,editor,org.eclipse.jdt.ui,3.6.1.r361_v20100825-0800,"org.eclipse.jdt.ui.CompilationUnitEditor",1301747158718
deactivated,workbench,org.eclipse.ui.workbench,3.6.1.M20100826-1330,"",1301747160484
activated,workbench,org.eclipse.ui.workbench,3.6.1.M20100826-1330,"",1301747161765
activated,view,org.eclipse.ui.console,3.5.0.v20100526,"org.eclipse.ui.console.ConsoleView",1301747165828
activated,editor,org.eclipse.jdt.ui,3.6.1.r361_v20100825-0800,"org.eclipse.jdt.ui.CompilationUnitEditor",1301747173312
activated,editor,org.eclipse.jdt.ui,3.6.1.r361_v20100825-0800,"org.eclipse.jdt.ui.CompilationUnitEditor",1301747179125
closed,editor,org.eclipse.jdt.ui,3.6.1.r361_v20100825-0800,"org.eclipse.jdt.ui.CompilationUnitEditor",1301747179125
activated,view,org.eclipse.ui.navigator.resources,3.4.201.M20100707-0800,"org.eclipse.ui.navigator.ProjectExplorer",1301747180921
opened,editor,org.eclipse.jdt.ui,3.6.1.r361_v20100825-0800,"org.eclipse.jdt.ui.CompilationUnitEditor",1301747187203
activated,editor,org.eclipse.jdt.ui,3.6.1.r361_v20100825-0800,"org.eclipse.jdt.ui.CompilationUnitEditor",1301747187343
activated,view,org.eclipse.ui.navigator.resources,3.4.201.M20100707-0800,"org.eclipse.ui.navigator.ProjectExplorer",1301747199250
deactivated,workbench,org.eclipse.ui.workbench,3.6.1.M20100826-1330,"",1301747207531
activated,workbench,org.eclipse.ui.workbench,3.6.1.M20100826-1330,"",1301747216062
opened,editor,org.eclipse.jdt.ui,3.6.1.r361_v20100825-0800,"org.eclipse.jdt.ui.CompilationUnitEditor",1301747216203
activated,editor,org.eclipse.jdt.ui,3.6.1.r361_v20100825-0800,"org.eclipse.jdt.ui.CompilationUnitEditor",1301747216296
activated,view,org.eclipse.ui.navigator.resources,3.4.201.M20100707-0800,"org.eclipse.ui.navigator.ProjectExplorer",1301747257375
deactivated,workbench,org.eclipse.ui.workbench,3.6.1.M20100826-1330,"",1301747262656
started,bundle,org.eclipse.ant.ui,3.5.0.v20100427,"org.eclipse.ant.ui",1301747269234
activated,workbench,org.eclipse.ui.workbench,3.6.1.M20100826-1330,"",1301747272484
executed,command,org.eclipse.jdt.ui,3.6.1.r361_v20100825-0800,"org.eclipse.jdt.ui.edit.text.java.rename.element",1301747272500
activated,editor,org.eclipse.jdt.ui,3.6.1.r361_v20100825-0800,"org.eclipse.jdt.ui.CompilationUnitEditor",1301747274250
executed,command,org.eclipse.ui,3.6.1.M20100826-1330,"org.eclipse.ui.edit.text.contentAssist.proposals",1301747288953
activated,editor,org.eclipse.jdt.ui,3.6.1.r361_v20100825-0800,"org.eclipse.jdt.ui.CompilationUnitEditor",1301747307109
executed,command,org.eclipse.ui,3.6.1.M20100826-1330,"org.eclipse.ui.edit.copy",1301747316140
activated,editor,org.eclipse.jdt.ui,3.6.1.r361_v20100825-0800,"org.eclipse.jdt.ui.CompilationUnitEditor",1301747316984
executed,command,org.eclipse.ui,3.6.1.M20100826-1330,"org.eclipse.ui.edit.paste",1301747325828
activated,view,org.eclipse.ui.navigator.resources,3.4.201.M20100707-0800,"org.eclipse.ui.navigator.ProjectExplorer",1301747373859
opened,editor,org.eclipse.jdt.ui,3.6.1.r361_v20100825-0800,"org.eclipse.jdt.ui.CompilationUnitEditor",1301747374187
activated,editor,org.eclipse.jdt.ui,3.6.1.r361_v20100825-0800,"org.eclipse.jdt.ui.CompilationUnitEditor",1301747374343
activated,editor,org.eclipse.jdt.ui,3.6.1.r361_v20100825-0800,"org.eclipse.jdt.ui.CompilationUnitEditor",1301747378843
executed,command,,,"AUTOGEN:::org.eclipse.jdt.internal.ui.CompilationUnitEditor.ruler.actions/org.eclipse.jdt.internal.ui.javaeditor.JavaSelectRulerAction",1301747389281
executed,command,org.eclipse.ui,3.6.1.M20100826-1330,"org.eclipse.ui.file.save",1301747408734
executed,command,,,"AUTOGEN:::org.eclipse.jdt.internal.ui.CompilationUnitEditor.ruler.actions/org.eclipse.jdt.internal.ui.javaeditor.JavaSelectRulerAction",1301747417843
executed,command,org.eclipse.ui,3.6.1.M20100826-1330,"org.eclipse.ui.file.save",1301747432812
executed,command,,,"AUTOGEN:::org.eclipse.jdt.internal.ui.CompilationUnitEditor.ruler.actions/org.eclipse.jdt.internal.ui.javaeditor.JavaSelectRulerAction",1301747434421
activated,editor,org.eclipse.jdt.ui,3.6.1.r361_v20100825-0800,"org.eclipse.jdt.ui.CompilationUnitEditor",1301747438671
activated,editor,org.eclipse.jdt.ui,3.6.1.r361_v20100825-0800,"org.eclipse.jdt.ui.CompilationUnitEditor",1301747450265
executed,command,org.eclipse.ui,3.6.1.M20100826-1330,"org.eclipse.ui.edit.text.contentAssist.proposals",1301747455281
executed,command,org.eclipse.ui,3.6.1.M20100826-1330,"org.eclipse.ui.edit.cut",1301747462843
executed,command,org.eclipse.ui,3.6.1.M20100826-1330,"org.eclipse.ui.edit.paste",1301747468203
executed,command,,,"AUTOGEN:::org.eclipse.jdt.internal.ui.CompilationUnitEditor.ruler.actions/org.eclipse.jdt.internal.ui.javaeditor.JavaSelectRulerAction",1301747473187
activated,editor,org.eclipse.jdt.ui,3.6.1.r361_v20100825-0800,"org.eclipse.jdt.ui.CompilationUnitEditor",1301747515703
executed,command,org.eclipse.ui,3.6.1.M20100826-1330,"org.eclipse.ui.edit.copy",1301747522296
activated,editor,org.eclipse.jdt.ui,3.6.1.r361_v20100825-0800,"org.eclipse.jdt.ui.CompilationUnitEditor",1301747523640
executed,command,org.eclipse.ui,3.6.1.M20100826-1330,"org.eclipse.ui.edit.paste",1301747534390
executed,command,org.eclipse.ui,3.6.1.M20100826-1330,"org.eclipse.ui.edit.undo",1301747537750
activated,editor,org.eclipse.jdt.ui,3.6.1.r361_v20100825-0800,"org.eclipse.jdt.ui.CompilationUnitEditor",1301747539203
executed,command,org.eclipse.ui,3.6.1.M20100826-1330,"org.eclipse.ui.edit.copy",1301747542328
activated,editor,org.eclipse.jdt.ui,3.6.1.r361_v20100825-0800,"org.eclipse.jdt.ui.CompilationUnitEditor",1301747543390
executed,command,org.eclipse.ui,3.6.1.M20100826-1330,"org.eclipse.ui.edit.paste",1301747545062
opened,editor,org.eclipse.jdt.ui,3.6.1.r361_v20100825-0800,"org.eclipse.jdt.ui.ClassFileEditor",1301747559375
activated,editor,org.eclipse.jdt.ui,3.6.1.r361_v20100825-0800,"org.eclipse.jdt.ui.ClassFileEditor",1301747559500
activated,editor,org.eclipse.jdt.ui,3.6.1.r361_v20100825-0800,"org.eclipse.jdt.ui.CompilationUnitEditor",1301747561843
closed,editor,org.eclipse.jdt.ui,3.6.1.r361_v20100825-0800,"org.eclipse.jdt.ui.ClassFileEditor",1301747561843
executed,command,org.eclipse.ui,3.6.1.M20100826-1330,"org.eclipse.ui.edit.copy",1301747562750
executed,command,org.eclipse.ui,3.6.1.M20100826-1330,"org.eclipse.ui.edit.paste",1301747564515
executed,command,org.eclipse.ui,3.6.1.M20100826-1330,"org.eclipse.ui.edit.copy",1301747569703
executed,command,org.eclipse.ui,3.6.1.M20100826-1330,"org.eclipse.ui.edit.paste",1301747571937
executed,command,org.eclipse.ui,3.6.1.M20100826-1330,"org.eclipse.ui.edit.copy",1301747578062
executed,command,org.eclipse.ui,3.6.1.M20100826-1330,"org.eclipse.ui.edit.paste",1301747579843
